{"cameraMode":{"drawMode":0,"name":"Shaded","section":"Shading Mode"},"sceneLighting":false,"audioPlay":false,"sceneViewState":{"m_AlwaysRefresh":false,"showFog":true,"showSkybox":false,"showFlares":true,"showImageEffects":true,"showParticleSystems":true,"showVisualEffectGraphs":true,"m_FxEnabled":true},"in2DMode":false,"pivot":{"x":0.46885567903518679,"y":1.7759525775909424,"z":8.110661506652832},"rotation":{"x":0.16512292623519898,"y":0.013313804753124714,"z":-0.002231728285551071,"w":0.9861882328987122},"size":2.884950637817383,"orthographic":false}