{"cameraMode":{"drawMode":0,"name":"Shaded","section":"Shading Mode"},"sceneLighting":false,"audioPlay":false,"sceneViewState":{"m_AlwaysRefresh":false,"showFog":true,"showSkybox":false,"showFlares":true,"showImageEffects":true,"showParticleSystems":true,"showVisualEffectGraphs":true,"m_FxEnabled":true},"in2DMode":false,"pivot":{"x":-0.7323458194732666,"y":0.5831111669540405,"z":8.03596305847168},"rotation":{"x":0.061376918107271197,"y":-0.6737875938415527,"z":0.056319352239370349,"w":0.7342250943183899},"size":4.042041778564453,"orthographic":false}