{"cameraMode":{"drawMode":0,"name":"Shaded","section":"Shading Mode"},"sceneLighting":true,"audioPlay":false,"sceneViewState":{"m_AlwaysRefresh":false,"showFog":true,"showSkybox":true,"showFlares":true,"showImageEffects":true,"showParticleSystems":true,"showVisualEffectGraphs":true,"m_FxEnabled":true},"in2DMode":false,"pivot":{"x":17.32850456237793,"y":-0.8704752922058106,"z":4.971877098083496},"rotation":{"x":0.22247987985610963,"y":-0.6980452537536621,"z":0.24448911845684052,"w":0.6352002620697022},"size":10.538155555725098,"orthographic":false}